streetAddress,addressLocality,addressRegion,postalCode
111 N Main Street,Aberdeen,ID,83210
253 Harrison St,American Falls,ID,83211
157 W Grand Avenue,Arco,ID,83213
177 Main Street,Ashton,ID,83420
747 N. Main St.,Bellevue,ID,83313
67 Sw Main St,Blackfoot,ID,83221
2901 W State St.,Boise,ID,83702
415 Broadway Ave S,Buhl,ID,83316
1408 Overland Ave,Burley,ID,83318
2402 E Linden St,Caldwell,ID,83605
340 N Main Street,Cascade,ID,83611
780 South Us Highway 93,Challis,ID,83226
120 W Chubbuck,Chubbuck,ID,83202
170 S Main St.,Driggs,ID,83422
135 S Washington Ave,Emmett,ID,83617
505 Highway 30,Filer,ID,83328
221 West Legacy Drive,Franklin,ID,83237
825 E. 1st Ave.,Glenns Ferry,ID,83623
1902 State Highway 46,Gooding,ID,83330
370 South East Street,Grangeville,ID,83530
330 W Idaho Ave,Homedale,ID,83628
145 N Woodruff Ave,Idaho Falls,ID,83401
1015 S Lincoln Ave,Jerome,ID,83338
1541 Main St. N,Kimberly,ID,83341
349 E Avalon St,Kuna,ID,83634
255 E. 50th S,Malad City,ID,83252
150 Main Street,Marsing,ID,83639
507 Center,Mccammon,ID,83250
206 E. Main Street,Middleton,ID,83644
130 N 4th Street,Montpelier,ID,83254
204 11th Avenue N,Nampa,ID,83687
301 Virginia Street,New Meadows,ID,83654
12978 Hwy 12,Orofino,ID,83544
411 E Grove Avenue,Parma,ID,83660
1244 16th St.,Payette,ID,83661
1433 N Main St,Pocatello,ID,83204
197 S State St,Preston,ID,83263
247 S State St,Rigby,ID,83442
4269 E County Line Road,Ririe,ID,83443
311 F St,Rupert,ID,83350
1315 Main Street,Salmon,ID,83467
560 S State St,Shelley,ID,83274
910 S Greenwood Street,Shoshone,ID,83352
156 E 2nd St,Soda Springs,ID,83276
100 West 2nd North,St Anthony,ID,83445
1746 Addison Ave E,Twin Falls,ID,83301
512 E 7th St,Weiser,ID,83672
597 S Idaho St,Wendell,ID,83355
